{
	"credit": "Made with Blockbench",
	"textures": {
		"11": "Texture:blocks/stone_slab_top",
		"16": "Texture:blocks/quartz_block_lines",
		"17": "Texture:blocks/quartz_block_lines_top",
		"18": "Texture:blocks/quartz_block_top",
		"particle": "Texture:blocks/quartz_block_top"
	},
	"elements": [
		{
			"name": "pil0",
			"from": [9.5, 0.5, 4.5],
			"to": [11.5, 13.5, 6.5],
			"faces": {
				"north": {"uv": [7, 1, 9, 14], "rotation": 180, "texture": "#11"},
				"east": {"uv": [9, 1, 11, 14], "rotation": 180, "texture": "#11"},
				"south": {"uv": [14, 2, 16, 15], "rotation": 180, "texture": "#11"},
				"west": {"uv": [0, 1, 2, 14], "rotation": 180, "texture": "#11"},
				"up": {"uv": [7, 6, 9, 8], "texture": "#11"},
				"down": {"uv": [5, 6, 7, 8], "texture": "#11"}
			}
		},
		{
			"name": "pil1",
			"from": [4.5, 0.5, 9.5],
			"to": [6.5, 13.5, 11.5],
			"faces": {
				"north": {"uv": [14, 1, 16, 14], "rotation": 180, "texture": "#11"},
				"east": {"uv": [0, 1, 2, 14], "rotation": 180, "texture": "#11"},
				"south": {"uv": [6, 1, 8, 14], "rotation": 180, "texture": "#11"},
				"west": {"uv": [2, 1, 4, 14], "rotation": 180, "texture": "#11"},
				"up": {"uv": [7, 6, 9, 8], "texture": "#11"},
				"down": {"uv": [5, 6, 7, 8], "texture": "#11"}
			}
		},
		{
			"name": "pil2",
			"from": [4.5, 0.5, 4.5],
			"to": [6.5, 13.5, 6.5],
			"faces": {
				"north": {"uv": [12, 2, 14, 15], "rotation": 180, "texture": "#11"},
				"east": {"uv": [14, 2, 16, 15], "rotation": 180, "texture": "#11"},
				"south": {"uv": [0, 2, 2, 15], "rotation": 180, "texture": "#11"},
				"west": {"uv": [2, 1, 4, 14], "rotation": 180, "texture": "#11"},
				"up": {"uv": [7, 6, 9, 8], "texture": "#11"},
				"down": {"uv": [5, 6, 7, 8], "texture": "#11"}
			}
		},
		{
			"name": "pil3",
			"from": [9.5, 0.5, 9.5],
			"to": [11.5, 13.5, 11.5],
			"faces": {
				"north": {"uv": [0, 2, 2, 15], "rotation": 180, "texture": "#11"},
				"east": {"uv": [12, 2, 14, 15], "rotation": 180, "texture": "#11"},
				"south": {"uv": [12, 2, 14, 15], "rotation": 180, "texture": "#11"},
				"west": {"uv": [14, 1, 16, 14], "rotation": 180, "texture": "#11"},
				"up": {"uv": [7, 6, 9, 8], "texture": "#11"},
				"down": {"uv": [5, 6, 7, 8], "texture": "#11"}
			}
		},
		{
			"name": "center",
			"from": [6, 1, 6],
			"to": [10, 12, 10],
			"faces": {
				"north": {"uv": [0, 0, 4, 11], "rotation": 180, "texture": "#16"},
				"east": {"uv": [0, 0, 4, 11], "rotation": 180, "texture": "#16"},
				"south": {"uv": [0, 0, 4, 11], "rotation": 180, "texture": "#16"},
				"west": {"uv": [0, 0, 4, 11], "rotation": 180, "texture": "#16"},
				"up": {"uv": [0, 0, 4, 4], "texture": "#16"},
				"down": {"uv": [0, 0, 4, 4], "texture": "#16"}
			}
		},
		{
			"name": "base1",
			"from": [2, 0, 2],
			"to": [14, 1, 14],
			"faces": {
				"north": {"uv": [2, 3, 14, 4], "rotation": 180, "texture": "#11"},
				"east": {"uv": [2, 3, 14, 4], "rotation": 180, "texture": "#11"},
				"south": {"uv": [2, 3, 14, 4], "rotation": 180, "texture": "#11"},
				"west": {"uv": [2, 3, 14, 4], "rotation": 180, "texture": "#11"},
				"up": {"uv": [2, 2, 14, 14], "texture": "#11"},
				"down": {"uv": [2, 2, 14, 14], "texture": "#11"}
			}
		},
		{
			"name": "table",
			"from": [5, 12.7, 5],
			"to": [11, 13.7, 11],
			"faces": {
				"north": {"uv": [5, 2.7, 11, 3.7], "rotation": 180, "texture": "#17"},
				"east": {"uv": [5, 2.7, 11, 3.7], "rotation": 180, "texture": "#17"},
				"south": {"uv": [5, 2.7, 11, 3.7], "rotation": 180, "texture": "#17"},
				"west": {"uv": [5, 2.7, 11, 3.7], "rotation": 180, "texture": "#17"},
				"up": {"uv": [5, 5, 11, 11], "texture": "#17"},
				"down": {"uv": [5, 5, 11, 11], "texture": "#17"}
			}
		},
		{
			"name": "base2",
			"from": [3, 0.6, 3],
			"to": [13, 1.6, 13],
			"faces": {
				"north": {"uv": [2, 3, 14, 4], "rotation": 180, "texture": "#11"},
				"east": {"uv": [2, 3, 14, 4], "rotation": 180, "texture": "#11"},
				"south": {"uv": [2, 3, 14, 4], "rotation": 180, "texture": "#11"},
				"west": {"uv": [2, 3, 14, 4], "rotation": 180, "texture": "#11"},
				"up": {"uv": [2, 2, 14, 14], "texture": "#11"},
				"down": {"uv": [2, 2, 14, 14], "texture": "#11"}
			}
		},
		{
			"name": "top1",
			"from": [1, 11, 1],
			"to": [15, 13, 15],
			"faces": {
				"north": {"uv": [1, 14, 15, 16], "rotation": 180, "texture": "#18"},
				"east": {"uv": [1, 14, 15, 16], "rotation": 180, "texture": "#18"},
				"south": {"uv": [1, 14, 15, 16], "rotation": 180, "texture": "#18"},
				"west": {"uv": [1, 14, 15, 16], "rotation": 180, "texture": "#18"},
				"up": {"uv": [1, 1, 15, 15], "texture": "#18"},
				"down": {"uv": [1, 1, 15, 15], "texture": "#18"}
			}
		},
		{
			"name": "top2",
			"from": [3, 9, 3],
			"to": [13, 12, 13],
			"faces": {
				"north": {"uv": [3, 12, 13, 16], "rotation": 180, "texture": "#16"},
				"east": {"uv": [3, 12, 13, 16], "rotation": 180, "texture": "#16"},
				"south": {"uv": [3, 12, 13, 16], "rotation": 180, "texture": "#16"},
				"west": {"uv": [3, 12, 13, 16], "rotation": 180, "texture": "#16"},
				"up": {"uv": [3, 3, 13, 13], "texture": "#16"},
				"down": {"uv": [3, 3, 13, 13], "texture": "#16"}
			}
		}
	],
	"display": {},
	"groups": [
		{
			"name": "group",
			"children": [0, 1, 2, 3, 4, 5, 6, 7, 8, 9]
		}
	]
}