{
	"credit": "Made with Blockbench",
	"textures": {
		"0": "Texture:specialblocks/alchemyCatalyst0",
		"1": "Texture:specialblocks/alchemyCatalyst1",
		"2": "Texture:specialblocks/alchemyCatalyst2",
		"particle": "Texture:specialblocks/alchemyCatalyst0"
	},
	"elements": [
		{
			"name": "buttom",
			"from": [0, 0, 0],
			"to": [16, 2, 16],
			"faces": {
				"north": {"uv": [0, 0, 16, 2], "texture": "#0"},
				"east": {"uv": [0, 0, 16, 2], "texture": "#0"},
				"south": {"uv": [0, 0, 16, 2], "texture": "#0"},
				"west": {"uv": [0, 0, 16, 2], "texture": "#0"},
				"up": {"uv": [0, 0, 16, 16], "texture": "#0"},
				"down": {"uv": [0, 0, 16, 16], "texture": "#0"}
			}
		},
		{
			"name": "pillar1",
			"from": [0, 2, 0],
			"to": [2, 14, 2],
			"faces": {
				"north": {"uv": [0, 0, 2, 12], "texture": "#0"},
				"east": {"uv": [0, 0, 2, 12], "texture": "#0"},
				"south": {"uv": [0, 0, 2, 12], "texture": "#0"},
				"west": {"uv": [0, 0, 2, 12], "texture": "#0"},
				"up": {"uv": [0, 0, 2, 2], "texture": "#0"},
				"down": {"uv": [0, 0, 2, 2], "texture": "#0"}
			}
		},
		{
			"name": "pillar2",
			"from": [0, 2, 14],
			"to": [2, 14, 16],
			"faces": {
				"north": {"uv": [0, 0, 2, 12], "texture": "#1"},
				"east": {"uv": [0, 0, 2, 12], "texture": "#1"},
				"south": {"uv": [0, 0, 2, 12], "texture": "#1"},
				"west": {"uv": [0, 0, 2, 12], "texture": "#1"},
				"up": {"uv": [0, 0, 2, 2], "texture": "#1"},
				"down": {"uv": [0, 0, 2, 2], "texture": "#1"}
			}
		},
		{
			"name": "pillar3",
			"from": [14, 2, 14],
			"to": [16, 14, 16],
			"faces": {
				"north": {"uv": [0, 0, 2, 12], "texture": "#1"},
				"east": {"uv": [0, 0, 2, 12], "texture": "#1"},
				"south": {"uv": [0, 0, 2, 12], "texture": "#1"},
				"west": {"uv": [0, 0, 2, 12], "texture": "#1"},
				"up": {"uv": [0, 0, 2, 2], "texture": "#1"},
				"down": {"uv": [0, 0, 2, 2], "texture": "#1"}
			}
		},
		{
			"name": "pillar4",
			"from": [14, 2, 0],
			"to": [16, 14, 2],
			"faces": {
				"north": {"uv": [0, 0, 2, 15], "texture": "#1"},
				"east": {"uv": [0, 0, 2, 15], "texture": "#1"},
				"south": {"uv": [0, 0, 2, 15], "texture": "#1"},
				"west": {"uv": [0, 0, 2, 15], "texture": "#1"},
				"up": {"uv": [0, 0, 2, 2], "texture": "#1"},
				"down": {"uv": [0, 0, 2, 2], "texture": "#1"}
			}
		},
		{
			"name": "top",
			"from": [0, 14, 0],
			"to": [16, 16, 16],
			"faces": {
				"north": {"uv": [0, 0, 16, 2], "texture": "#0"},
				"east": {"uv": [0, 0, 16, 2], "texture": "#0"},
				"south": {"uv": [0, 0, 16, 2], "texture": "#0"},
				"west": {"uv": [0, 0, 16, 2], "texture": "#0"},
				"up": {"uv": [0, 0, 16, 16], "texture": "#0"},
				"down": {"uv": [0, 0, 16, 16], "texture": "#0"}
			}
		},
		{
			"name": "center",
			"from": [1, 2, 1],
			"to": [15, 14, 15],
			"faces": {
				"north": {"uv": [1, 2, 15, 14], "texture": "#1"},
				"east": {"uv": [0, 2, 15, 14], "texture": "#1"},
				"south": {"uv": [1, 2, 15, 14], "texture": "#1"},
				"west": {"uv": [1, 2, 16, 14], "texture": "#1"},
				"up": {"uv": [1, 1, 15, 16], "texture": "#1"},
				"down": {"uv": [1, 0, 15, 15], "texture": "#1"}
			}
		},
		{
			"name": "deco1",
			"from": [0, 5, 7],
			"to": [1, 14, 9],
			"faces": {
				"north": {"uv": [8, 1, 9, 10], "texture": "#2"},
				"east": {"uv": [7, 2, 9, 11], "texture": "#2"},
				"south": {"uv": [7, 3, 8, 12], "texture": "#2"},
				"west": {"uv": [7, 2, 9, 11], "texture": "#2"},
				"up": {"uv": [0, 7, 1, 9], "texture": "#2"},
				"down": {"uv": [0, 7, 1, 9], "texture": "#2"}
			}
		},
		{
			"name": "deco2",
			"from": [0, 12, 3],
			"to": [1, 13, 7],
			"faces": {
				"north": {"uv": [15, 3, 16, 4], "texture": "#2"},
				"east": {"uv": [9, 3, 13, 4], "texture": "#2"},
				"south": {"uv": [0, 3, 1, 4], "texture": "#2"},
				"west": {"uv": [3, 3, 7, 4], "texture": "#2"},
				"up": {"uv": [8, 7, 9, 9], "texture": "#2"},
				"down": {"uv": [7, 7, 8, 9], "texture": "#2"}
			}
		},
		{
			"name": "deco3",
			"from": [0, 12, 9],
			"to": [1, 13, 13],
			"faces": {
				"north": {"uv": [15, 3, 16, 4], "texture": "#2"},
				"east": {"uv": [3, 3, 7, 4], "texture": "#2"},
				"south": {"uv": [0, 3, 1, 4], "texture": "#2"},
				"west": {"uv": [9, 3, 13, 4], "texture": "#2"},
				"up": {"uv": [8, 7, 9, 9], "texture": "#2"},
				"down": {"uv": [7, 7, 8, 9], "texture": "#2"}
			}
		},
		{
			"name": "deco4",
			"from": [0, 10, 3],
			"to": [1, 12, 4],
			"faces": {
				"north": {"uv": [15, 4, 16, 6], "texture": "#2"},
				"east": {"uv": [12, 4, 13, 6], "texture": "#2"},
				"south": {"uv": [0, 4, 1, 6], "texture": "#2"},
				"west": {"uv": [3, 4, 4, 6], "texture": "#2"},
				"up": {"uv": [8, 7, 9, 9], "texture": "#2"},
				"down": {"uv": [7, 7, 8, 9], "texture": "#2"}
			}
		},
		{
			"name": "deco5",
			"from": [0, 10, 12],
			"to": [1, 12, 13],
			"faces": {
				"north": {"uv": [15, 4, 16, 6], "texture": "#2"},
				"east": {"uv": [3, 4, 4, 6], "texture": "#2"},
				"south": {"uv": [0, 4, 1, 6], "texture": "#2"},
				"west": {"uv": [12, 4, 13, 6], "texture": "#2"},
				"up": {"uv": [8, 7, 9, 9], "texture": "#2"},
				"down": {"uv": [7, 7, 8, 9], "texture": "#2"}
			}
		},
		{
			"name": "deco6",
			"from": [0, 9, 3],
			"to": [1, 10, 6],
			"faces": {
				"north": {"uv": [15, 6, 16, 7], "texture": "#2"},
				"east": {"uv": [10, 6, 13, 7], "texture": "#2"},
				"south": {"uv": [0, 6, 1, 7], "texture": "#2"},
				"west": {"uv": [3, 6, 6, 7], "texture": "#2"},
				"up": {"uv": [8, 7, 9, 9], "texture": "#2"},
				"down": {"uv": [7, 7, 8, 9], "texture": "#2"}
			}
		},
		{
			"name": "deco7",
			"from": [0, 8, 3],
			"to": [1, 9, 4],
			"faces": {
				"north": {"uv": [0, 0, 1, 1], "texture": "#2"},
				"east": {"uv": [0, 0, 1, 1], "texture": "#2"},
				"south": {"uv": [0, 0, 1, 1], "texture": "#2"},
				"west": {"uv": [0, 0, 1, 1], "texture": "#2"},
				"up": {"uv": [0, 0, 1, 1], "texture": "#2"},
				"down": {"uv": [0, 0, 1, 1], "texture": "#2"}
			}
		},
		{
			"name": "deco8",
			"from": [0, 8, 5],
			"to": [1, 9, 6],
			"faces": {
				"north": {"uv": [0, 0, 1, 1], "texture": "#2"},
				"east": {"uv": [0, 0, 1, 1], "texture": "#2"},
				"south": {"uv": [0, 0, 1, 1], "texture": "#2"},
				"west": {"uv": [0, 0, 1, 1], "texture": "#2"},
				"up": {"uv": [0, 0, 1, 1], "texture": "#2"},
				"down": {"uv": [0, 0, 1, 1], "texture": "#2"}
			}
		},
		{
			"name": "deco9",
			"from": [0, 10, 10],
			"to": [1, 11, 12],
			"faces": {
				"north": {"uv": [15, 5, 16, 6], "texture": "#2"},
				"east": {"uv": [4, 5, 6, 6], "texture": "#2"},
				"south": {"uv": [0, 5, 1, 6], "texture": "#2"},
				"west": {"uv": [10, 5, 12, 6], "texture": "#2"},
				"up": {"uv": [0, 10, 1, 12], "texture": "#2"},
				"down": {"uv": [0, 4, 1, 6], "texture": "#2"}
			}
		},
		{
			"name": "deco10",
			"from": [0, 8, 11],
			"to": [1, 9, 13],
			"faces": {
				"north": {"uv": [15, 7, 16, 8], "texture": "#2"},
				"east": {"uv": [3, 7, 5, 8], "texture": "#2"},
				"south": {"uv": [0, 7, 1, 8], "texture": "#2"},
				"west": {"uv": [11, 7, 13, 8], "texture": "#2"},
				"up": {"uv": [8, 7, 9, 9], "texture": "#2"},
				"down": {"uv": [7, 7, 8, 9], "texture": "#2"}
			}
		},
		{
			"name": "deco11",
			"from": [0, 8, 10],
			"to": [1, 10, 11],
			"faces": {
				"north": {"uv": [15, 6, 16, 8], "texture": "#2"},
				"east": {"uv": [5, 6, 6, 8], "texture": "#2"},
				"south": {"uv": [0, 6, 1, 8], "texture": "#2"},
				"west": {"uv": [10, 6, 11, 8], "texture": "#2"},
				"up": {"uv": [0, 10, 1, 11], "texture": "#2"},
				"down": {"uv": [0, 5, 1, 6], "texture": "#2"}
			}
		},
		{
			"name": "deco12",
			"from": [0, 9, 12],
			"to": [1, 10, 13],
			"faces": {
				"north": {"uv": [0, 0, 1, 1], "texture": "#2"},
				"east": {"uv": [0, 0, 1, 1], "texture": "#2"},
				"south": {"uv": [0, 0, 1, 1], "texture": "#2"},
				"west": {"uv": [0, 0, 1, 1], "texture": "#2"},
				"up": {"uv": [0, 0, 1, 1], "texture": "#2"},
				"down": {"uv": [0, 0, 1, 1], "texture": "#2"}
			}
		},
		{
			"name": "deco13",
			"from": [0, 6, 5],
			"to": [1, 7, 7],
			"faces": {
				"north": {"uv": [15, 9, 16, 10], "texture": "#2"},
				"east": {"uv": [9, 9, 11, 10], "texture": "#2"},
				"south": {"uv": [0, 9, 1, 10], "texture": "#2"},
				"west": {"uv": [5, 9, 7, 10], "texture": "#2"},
				"up": {"uv": [0, 5, 1, 7], "texture": "#2"},
				"down": {"uv": [0, 9, 1, 11], "texture": "#2"}
			}
		},
		{
			"name": "deco14",
			"from": [0, 3, 4],
			"to": [1, 7, 5],
			"faces": {
				"north": {"uv": [15, 9, 16, 13], "texture": "#2"},
				"east": {"uv": [11, 9, 12, 13], "texture": "#2"},
				"south": {"uv": [0, 9, 1, 13], "texture": "#2"},
				"west": {"uv": [4, 9, 5, 13], "texture": "#2"},
				"up": {"uv": [0, 4, 1, 5], "texture": "#2"},
				"down": {"uv": [0, 11, 1, 12], "texture": "#2"}
			}
		},
		{
			"name": "deco15",
			"from": [0, 4, 3],
			"to": [1, 6, 4],
			"faces": {
				"north": {"uv": [15, 10, 16, 12], "texture": "#2"},
				"east": {"uv": [12, 10, 13, 12], "texture": "#2"},
				"south": {"uv": [0, 10, 1, 12], "texture": "#2"},
				"west": {"uv": [3, 10, 4, 12], "texture": "#2"},
				"up": {"uv": [8, 7, 9, 9], "texture": "#2"},
				"down": {"uv": [7, 7, 8, 9], "texture": "#2"}
			}
		},
		{
			"name": "deco16",
			"from": [0, 5, 9],
			"to": [1, 6, 11],
			"faces": {
				"north": {"uv": [15, 10, 16, 11], "texture": "#2"},
				"east": {"uv": [5, 10, 7, 11], "texture": "#2"},
				"south": {"uv": [0, 10, 1, 11], "texture": "#2"},
				"west": {"uv": [9, 10, 11, 11], "texture": "#2"},
				"up": {"uv": [0, 9, 1, 11], "texture": "#2"},
				"down": {"uv": [0, 5, 1, 7], "texture": "#2"}
			}
		},
		{
			"name": "deco17",
			"from": [0, 3, 11],
			"to": [1, 6, 12],
			"faces": {
				"north": {"uv": [15, 10, 16, 13], "texture": "#2"},
				"east": {"uv": [4, 10, 5, 13], "texture": "#2"},
				"south": {"uv": [0, 10, 1, 13], "texture": "#2"},
				"west": {"uv": [11, 10, 12, 13], "texture": "#2"},
				"up": {"uv": [0, 11, 1, 12], "texture": "#2"},
				"down": {"uv": [0, 4, 1, 5], "texture": "#2"}
			}
		},
		{
			"name": "deco18",
			"from": [0, 3, 5],
			"to": [1, 4, 11],
			"faces": {
				"north": {"uv": [8, 7, 9, 8], "texture": "#2"},
				"east": {"uv": [5, 14, 11, 15], "texture": "#2"},
				"south": {"uv": [7, 7, 8, 8], "texture": "#2"},
				"west": {"uv": [5, 14, 11, 15], "texture": "#2"},
				"up": {"uv": [0, 5, 1, 11], "texture": "#2"},
				"down": {"uv": [7, 9, 8, 15], "texture": "#2"}
			}
		},
		{
			"name": "deco19",
			"from": [0, 5, 12],
			"to": [1, 7, 13],
			"faces": {
				"north": {"uv": [15, 9, 16, 11], "texture": "#2"},
				"east": {"uv": [3, 9, 4, 11], "texture": "#2"},
				"south": {"uv": [0, 9, 1, 11], "texture": "#2"},
				"west": {"uv": [12, 9, 13, 11], "texture": "#2"},
				"up": {"uv": [8, 7, 9, 9], "texture": "#2"},
				"down": {"uv": [7, 7, 8, 9], "texture": "#2"}
			}
		},
		{
			"name": "deco1",
			"from": [7, 5, 15],
			"to": [9, 14, 16],
			"faces": {
				"north": {"uv": [7, 2, 9, 11], "texture": "#2"},
				"east": {"uv": [7, 3, 8, 12], "texture": "#2"},
				"south": {"uv": [7, 2, 9, 11], "texture": "#2"},
				"west": {"uv": [8, 1, 9, 10], "texture": "#2"},
				"up": {"uv": [0, 7, 1, 9], "rotation": 270, "texture": "#2"},
				"down": {"uv": [0, 7, 1, 9], "rotation": 90, "texture": "#2"}
			}
		},
		{
			"name": "deco2",
			"from": [3, 12, 15],
			"to": [7, 13, 16],
			"faces": {
				"north": {"uv": [9, 3, 13, 4], "texture": "#2"},
				"east": {"uv": [0, 3, 1, 4], "texture": "#2"},
				"south": {"uv": [3, 3, 7, 4], "texture": "#2"},
				"west": {"uv": [15, 3, 16, 4], "texture": "#2"},
				"up": {"uv": [8, 7, 9, 9], "rotation": 270, "texture": "#2"},
				"down": {"uv": [7, 7, 8, 9], "rotation": 90, "texture": "#2"}
			}
		},
		{
			"name": "deco3",
			"from": [9, 12, 15],
			"to": [13, 13, 16],
			"faces": {
				"north": {"uv": [3, 3, 7, 4], "texture": "#2"},
				"east": {"uv": [0, 3, 1, 4], "texture": "#2"},
				"south": {"uv": [9, 3, 13, 4], "texture": "#2"},
				"west": {"uv": [15, 3, 16, 4], "texture": "#2"},
				"up": {"uv": [8, 7, 9, 9], "rotation": 270, "texture": "#2"},
				"down": {"uv": [7, 7, 8, 9], "rotation": 90, "texture": "#2"}
			}
		},
		{
			"name": "deco4",
			"from": [3, 10, 15],
			"to": [4, 12, 16],
			"faces": {
				"north": {"uv": [12, 4, 13, 6], "texture": "#2"},
				"east": {"uv": [0, 4, 1, 6], "texture": "#2"},
				"south": {"uv": [3, 4, 4, 6], "texture": "#2"},
				"west": {"uv": [15, 4, 16, 6], "texture": "#2"},
				"up": {"uv": [8, 7, 9, 9], "rotation": 270, "texture": "#2"},
				"down": {"uv": [7, 7, 8, 9], "rotation": 90, "texture": "#2"}
			}
		},
		{
			"name": "deco5",
			"from": [12, 10, 15],
			"to": [13, 12, 16],
			"faces": {
				"north": {"uv": [3, 4, 4, 6], "texture": "#2"},
				"east": {"uv": [0, 4, 1, 6], "texture": "#2"},
				"south": {"uv": [12, 4, 13, 6], "texture": "#2"},
				"west": {"uv": [15, 4, 16, 6], "texture": "#2"},
				"up": {"uv": [8, 7, 9, 9], "rotation": 270, "texture": "#2"},
				"down": {"uv": [7, 7, 8, 9], "rotation": 90, "texture": "#2"}
			}
		},
		{
			"name": "deco6",
			"from": [3, 9, 15],
			"to": [6, 10, 16],
			"faces": {
				"north": {"uv": [10, 6, 13, 7], "texture": "#2"},
				"east": {"uv": [0, 6, 1, 7], "texture": "#2"},
				"south": {"uv": [3, 6, 6, 7], "texture": "#2"},
				"west": {"uv": [15, 6, 16, 7], "texture": "#2"},
				"up": {"uv": [8, 7, 9, 9], "rotation": 270, "texture": "#2"},
				"down": {"uv": [7, 7, 8, 9], "rotation": 90, "texture": "#2"}
			}
		},
		{
			"name": "deco7",
			"from": [3, 8, 15],
			"to": [4, 9, 16],
			"faces": {
				"north": {"uv": [0, 0, 1, 1], "texture": "#2"},
				"east": {"uv": [0, 0, 1, 1], "texture": "#2"},
				"south": {"uv": [0, 0, 1, 1], "texture": "#2"},
				"west": {"uv": [0, 0, 1, 1], "texture": "#2"},
				"up": {"uv": [0, 0, 1, 1], "rotation": 270, "texture": "#2"},
				"down": {"uv": [0, 0, 1, 1], "rotation": 90, "texture": "#2"}
			}
		},
		{
			"name": "deco8",
			"from": [5, 8, 15],
			"to": [6, 9, 16],
			"faces": {
				"north": {"uv": [0, 0, 1, 1], "texture": "#2"},
				"east": {"uv": [0, 0, 1, 1], "texture": "#2"},
				"south": {"uv": [0, 0, 1, 1], "texture": "#2"},
				"west": {"uv": [0, 0, 1, 1], "texture": "#2"},
				"up": {"uv": [0, 0, 1, 1], "rotation": 270, "texture": "#2"},
				"down": {"uv": [0, 0, 1, 1], "rotation": 90, "texture": "#2"}
			}
		},
		{
			"name": "deco9",
			"from": [10, 10, 15],
			"to": [12, 11, 16],
			"faces": {
				"north": {"uv": [4, 5, 6, 6], "texture": "#2"},
				"east": {"uv": [0, 5, 1, 6], "texture": "#2"},
				"south": {"uv": [10, 5, 12, 6], "texture": "#2"},
				"west": {"uv": [15, 5, 16, 6], "texture": "#2"},
				"up": {"uv": [0, 10, 1, 12], "rotation": 270, "texture": "#2"},
				"down": {"uv": [0, 4, 1, 6], "rotation": 90, "texture": "#2"}
			}
		},
		{
			"name": "deco10",
			"from": [11, 8, 15],
			"to": [13, 9, 16],
			"faces": {
				"north": {"uv": [3, 7, 5, 8], "texture": "#2"},
				"east": {"uv": [0, 7, 1, 8], "texture": "#2"},
				"south": {"uv": [11, 7, 13, 8], "texture": "#2"},
				"west": {"uv": [15, 7, 16, 8], "texture": "#2"},
				"up": {"uv": [8, 7, 9, 9], "rotation": 270, "texture": "#2"},
				"down": {"uv": [7, 7, 8, 9], "rotation": 90, "texture": "#2"}
			}
		},
		{
			"name": "deco11",
			"from": [10, 8, 15],
			"to": [11, 10, 16],
			"faces": {
				"north": {"uv": [5, 6, 6, 8], "texture": "#2"},
				"east": {"uv": [0, 6, 1, 8], "texture": "#2"},
				"south": {"uv": [10, 6, 11, 8], "texture": "#2"},
				"west": {"uv": [15, 6, 16, 8], "texture": "#2"},
				"up": {"uv": [0, 10, 1, 11], "rotation": 270, "texture": "#2"},
				"down": {"uv": [0, 5, 1, 6], "rotation": 90, "texture": "#2"}
			}
		},
		{
			"name": "deco12",
			"from": [12, 9, 15],
			"to": [13, 10, 16],
			"faces": {
				"north": {"uv": [0, 0, 1, 1], "texture": "#2"},
				"east": {"uv": [0, 0, 1, 1], "texture": "#2"},
				"south": {"uv": [0, 0, 1, 1], "texture": "#2"},
				"west": {"uv": [0, 0, 1, 1], "texture": "#2"},
				"up": {"uv": [0, 0, 1, 1], "rotation": 270, "texture": "#2"},
				"down": {"uv": [0, 0, 1, 1], "rotation": 90, "texture": "#2"}
			}
		},
		{
			"name": "deco13",
			"from": [5, 6, 15],
			"to": [7, 7, 16],
			"faces": {
				"north": {"uv": [9, 9, 11, 10], "texture": "#2"},
				"east": {"uv": [0, 9, 1, 10], "texture": "#2"},
				"south": {"uv": [5, 9, 7, 10], "texture": "#2"},
				"west": {"uv": [15, 9, 16, 10], "texture": "#2"},
				"up": {"uv": [0, 5, 1, 7], "rotation": 270, "texture": "#2"},
				"down": {"uv": [0, 9, 1, 11], "rotation": 90, "texture": "#2"}
			}
		},
		{
			"name": "deco14",
			"from": [4, 3, 15],
			"to": [5, 7, 16],
			"faces": {
				"north": {"uv": [11, 9, 12, 13], "texture": "#2"},
				"east": {"uv": [0, 9, 1, 13], "texture": "#2"},
				"south": {"uv": [4, 9, 5, 13], "texture": "#2"},
				"west": {"uv": [15, 9, 16, 13], "texture": "#2"},
				"up": {"uv": [0, 4, 1, 5], "rotation": 270, "texture": "#2"},
				"down": {"uv": [0, 11, 1, 12], "rotation": 90, "texture": "#2"}
			}
		},
		{
			"name": "deco15",
			"from": [3, 4, 15],
			"to": [4, 6, 16],
			"faces": {
				"north": {"uv": [12, 10, 13, 12], "texture": "#2"},
				"east": {"uv": [0, 10, 1, 12], "texture": "#2"},
				"south": {"uv": [3, 10, 4, 12], "texture": "#2"},
				"west": {"uv": [15, 10, 16, 12], "texture": "#2"},
				"up": {"uv": [8, 7, 9, 9], "rotation": 270, "texture": "#2"},
				"down": {"uv": [7, 7, 8, 9], "rotation": 90, "texture": "#2"}
			}
		},
		{
			"name": "deco16",
			"from": [9, 5, 15],
			"to": [11, 6, 16],
			"faces": {
				"north": {"uv": [5, 10, 7, 11], "texture": "#2"},
				"east": {"uv": [0, 10, 1, 11], "texture": "#2"},
				"south": {"uv": [9, 10, 11, 11], "texture": "#2"},
				"west": {"uv": [15, 10, 16, 11], "texture": "#2"},
				"up": {"uv": [0, 9, 1, 11], "rotation": 270, "texture": "#2"},
				"down": {"uv": [0, 5, 1, 7], "rotation": 90, "texture": "#2"}
			}
		},
		{
			"name": "deco17",
			"from": [11, 3, 15],
			"to": [12, 6, 16],
			"faces": {
				"north": {"uv": [4, 10, 5, 13], "texture": "#2"},
				"east": {"uv": [0, 10, 1, 13], "texture": "#2"},
				"south": {"uv": [11, 10, 12, 13], "texture": "#2"},
				"west": {"uv": [15, 10, 16, 13], "texture": "#2"},
				"up": {"uv": [0, 11, 1, 12], "rotation": 270, "texture": "#2"},
				"down": {"uv": [0, 4, 1, 5], "rotation": 90, "texture": "#2"}
			}
		},
		{
			"name": "deco18",
			"from": [5, 3, 15],
			"to": [11, 4, 16],
			"faces": {
				"north": {"uv": [5, 14, 11, 15], "texture": "#2"},
				"east": {"uv": [7, 7, 8, 8], "texture": "#2"},
				"south": {"uv": [5, 14, 11, 15], "texture": "#2"},
				"west": {"uv": [8, 7, 9, 8], "texture": "#2"},
				"up": {"uv": [0, 5, 1, 11], "rotation": 270, "texture": "#2"},
				"down": {"uv": [7, 9, 8, 15], "rotation": 90, "texture": "#2"}
			}
		},
		{
			"name": "deco19",
			"from": [12, 5, 15],
			"to": [13, 7, 16],
			"faces": {
				"north": {"uv": [3, 9, 4, 11], "texture": "#2"},
				"east": {"uv": [0, 9, 1, 11], "texture": "#2"},
				"south": {"uv": [12, 9, 13, 11], "texture": "#2"},
				"west": {"uv": [15, 9, 16, 11], "texture": "#2"},
				"up": {"uv": [8, 7, 9, 9], "rotation": 270, "texture": "#2"},
				"down": {"uv": [7, 7, 8, 9], "rotation": 90, "texture": "#2"}
			}
		},
		{
			"name": "deco1",
			"from": [15, 5, 7],
			"to": [16, 14, 9],
			"faces": {
				"north": {"uv": [7, 3, 8, 12], "texture": "#2"},
				"east": {"uv": [7, 2, 9, 11], "texture": "#2"},
				"south": {"uv": [8, 1, 9, 10], "texture": "#2"},
				"west": {"uv": [7, 2, 9, 11], "texture": "#2"},
				"up": {"uv": [0, 7, 1, 9], "rotation": 180, "texture": "#2"},
				"down": {"uv": [0, 7, 1, 9], "rotation": 180, "texture": "#2"}
			}
		},
		{
			"name": "deco2",
			"from": [15, 12, 9],
			"to": [16, 13, 13],
			"faces": {
				"north": {"uv": [0, 3, 1, 4], "texture": "#2"},
				"east": {"uv": [3, 3, 7, 4], "texture": "#2"},
				"south": {"uv": [15, 3, 16, 4], "texture": "#2"},
				"west": {"uv": [9, 3, 13, 4], "texture": "#2"},
				"up": {"uv": [8, 7, 9, 9], "rotation": 180, "texture": "#2"},
				"down": {"uv": [7, 7, 8, 9], "rotation": 180, "texture": "#2"}
			}
		},
		{
			"name": "deco3",
			"from": [15, 12, 3],
			"to": [16, 13, 7],
			"faces": {
				"north": {"uv": [0, 3, 1, 4], "texture": "#2"},
				"east": {"uv": [9, 3, 13, 4], "texture": "#2"},
				"south": {"uv": [15, 3, 16, 4], "texture": "#2"},
				"west": {"uv": [3, 3, 7, 4], "texture": "#2"},
				"up": {"uv": [8, 7, 9, 9], "rotation": 180, "texture": "#2"},
				"down": {"uv": [7, 7, 8, 9], "rotation": 180, "texture": "#2"}
			}
		},
		{
			"name": "deco4",
			"from": [15, 10, 12],
			"to": [16, 12, 13],
			"faces": {
				"north": {"uv": [0, 4, 1, 6], "texture": "#2"},
				"east": {"uv": [3, 4, 4, 6], "texture": "#2"},
				"south": {"uv": [15, 4, 16, 6], "texture": "#2"},
				"west": {"uv": [12, 4, 13, 6], "texture": "#2"},
				"up": {"uv": [8, 7, 9, 9], "rotation": 180, "texture": "#2"},
				"down": {"uv": [7, 7, 8, 9], "rotation": 180, "texture": "#2"}
			}
		},
		{
			"name": "deco5",
			"from": [15, 10, 3],
			"to": [16, 12, 4],
			"faces": {
				"north": {"uv": [0, 4, 1, 6], "texture": "#2"},
				"east": {"uv": [12, 4, 13, 6], "texture": "#2"},
				"south": {"uv": [15, 4, 16, 6], "texture": "#2"},
				"west": {"uv": [3, 4, 4, 6], "texture": "#2"},
				"up": {"uv": [8, 7, 9, 9], "rotation": 180, "texture": "#2"},
				"down": {"uv": [7, 7, 8, 9], "rotation": 180, "texture": "#2"}
			}
		},
		{
			"name": "deco6",
			"from": [15, 9, 10],
			"to": [16, 10, 13],
			"faces": {
				"north": {"uv": [0, 6, 1, 7], "texture": "#2"},
				"east": {"uv": [3, 6, 6, 7], "texture": "#2"},
				"south": {"uv": [15, 6, 16, 7], "texture": "#2"},
				"west": {"uv": [10, 6, 13, 7], "texture": "#2"},
				"up": {"uv": [8, 7, 9, 9], "rotation": 180, "texture": "#2"},
				"down": {"uv": [7, 7, 8, 9], "rotation": 180, "texture": "#2"}
			}
		},
		{
			"name": "deco7",
			"from": [15, 8, 12],
			"to": [16, 9, 13],
			"faces": {
				"north": {"uv": [0, 0, 1, 1], "texture": "#2"},
				"east": {"uv": [0, 0, 1, 1], "texture": "#2"},
				"south": {"uv": [0, 0, 1, 1], "texture": "#2"},
				"west": {"uv": [0, 0, 1, 1], "texture": "#2"},
				"up": {"uv": [0, 0, 1, 1], "rotation": 180, "texture": "#2"},
				"down": {"uv": [0, 0, 1, 1], "rotation": 180, "texture": "#2"}
			}
		},
		{
			"name": "deco8",
			"from": [15, 8, 10],
			"to": [16, 9, 11],
			"faces": {
				"north": {"uv": [0, 0, 1, 1], "texture": "#2"},
				"east": {"uv": [0, 0, 1, 1], "texture": "#2"},
				"south": {"uv": [0, 0, 1, 1], "texture": "#2"},
				"west": {"uv": [0, 0, 1, 1], "texture": "#2"},
				"up": {"uv": [0, 0, 1, 1], "rotation": 180, "texture": "#2"},
				"down": {"uv": [0, 0, 1, 1], "rotation": 180, "texture": "#2"}
			}
		},
		{
			"name": "deco9",
			"from": [15, 10, 4],
			"to": [16, 11, 6],
			"faces": {
				"north": {"uv": [0, 5, 1, 6], "texture": "#2"},
				"east": {"uv": [10, 5, 12, 6], "texture": "#2"},
				"south": {"uv": [15, 5, 16, 6], "texture": "#2"},
				"west": {"uv": [4, 5, 6, 6], "texture": "#2"},
				"up": {"uv": [0, 10, 1, 12], "rotation": 180, "texture": "#2"},
				"down": {"uv": [0, 4, 1, 6], "rotation": 180, "texture": "#2"}
			}
		},
		{
			"name": "deco10",
			"from": [15, 8, 3],
			"to": [16, 9, 5],
			"faces": {
				"north": {"uv": [0, 7, 1, 8], "texture": "#2"},
				"east": {"uv": [11, 7, 13, 8], "texture": "#2"},
				"south": {"uv": [15, 7, 16, 8], "texture": "#2"},
				"west": {"uv": [3, 7, 5, 8], "texture": "#2"},
				"up": {"uv": [8, 7, 9, 9], "rotation": 180, "texture": "#2"},
				"down": {"uv": [7, 7, 8, 9], "rotation": 180, "texture": "#2"}
			}
		},
		{
			"name": "deco11",
			"from": [15, 8, 5],
			"to": [16, 10, 6],
			"faces": {
				"north": {"uv": [0, 6, 1, 8], "texture": "#2"},
				"east": {"uv": [10, 6, 11, 8], "texture": "#2"},
				"south": {"uv": [15, 6, 16, 8], "texture": "#2"},
				"west": {"uv": [5, 6, 6, 8], "texture": "#2"},
				"up": {"uv": [0, 10, 1, 11], "rotation": 180, "texture": "#2"},
				"down": {"uv": [0, 5, 1, 6], "rotation": 180, "texture": "#2"}
			}
		},
		{
			"name": "deco12",
			"from": [15, 9, 3],
			"to": [16, 10, 4],
			"faces": {
				"north": {"uv": [0, 0, 1, 1], "texture": "#2"},
				"east": {"uv": [0, 0, 1, 1], "texture": "#2"},
				"south": {"uv": [0, 0, 1, 1], "texture": "#2"},
				"west": {"uv": [0, 0, 1, 1], "texture": "#2"},
				"up": {"uv": [0, 0, 1, 1], "rotation": 180, "texture": "#2"},
				"down": {"uv": [0, 0, 1, 1], "rotation": 180, "texture": "#2"}
			}
		},
		{
			"name": "deco13",
			"from": [15, 6, 9],
			"to": [16, 7, 11],
			"faces": {
				"north": {"uv": [0, 9, 1, 10], "texture": "#2"},
				"east": {"uv": [5, 9, 7, 10], "texture": "#2"},
				"south": {"uv": [15, 9, 16, 10], "texture": "#2"},
				"west": {"uv": [9, 9, 11, 10], "texture": "#2"},
				"up": {"uv": [0, 5, 1, 7], "rotation": 180, "texture": "#2"},
				"down": {"uv": [0, 9, 1, 11], "rotation": 180, "texture": "#2"}
			}
		},
		{
			"name": "deco14",
			"from": [15, 3, 11],
			"to": [16, 7, 12],
			"faces": {
				"north": {"uv": [0, 9, 1, 13], "texture": "#2"},
				"east": {"uv": [4, 9, 5, 13], "texture": "#2"},
				"south": {"uv": [15, 9, 16, 13], "texture": "#2"},
				"west": {"uv": [11, 9, 12, 13], "texture": "#2"},
				"up": {"uv": [0, 4, 1, 5], "rotation": 180, "texture": "#2"},
				"down": {"uv": [0, 11, 1, 12], "rotation": 180, "texture": "#2"}
			}
		},
		{
			"name": "deco15",
			"from": [15, 4, 12],
			"to": [16, 6, 13],
			"faces": {
				"north": {"uv": [0, 10, 1, 12], "texture": "#2"},
				"east": {"uv": [3, 10, 4, 12], "texture": "#2"},
				"south": {"uv": [15, 10, 16, 12], "texture": "#2"},
				"west": {"uv": [12, 10, 13, 12], "texture": "#2"},
				"up": {"uv": [8, 7, 9, 9], "rotation": 180, "texture": "#2"},
				"down": {"uv": [7, 7, 8, 9], "rotation": 180, "texture": "#2"}
			}
		},
		{
			"name": "deco16",
			"from": [15, 5, 5],
			"to": [16, 6, 7],
			"faces": {
				"north": {"uv": [0, 10, 1, 11], "texture": "#2"},
				"east": {"uv": [9, 10, 11, 11], "texture": "#2"},
				"south": {"uv": [15, 10, 16, 11], "texture": "#2"},
				"west": {"uv": [5, 10, 7, 11], "texture": "#2"},
				"up": {"uv": [0, 9, 1, 11], "rotation": 180, "texture": "#2"},
				"down": {"uv": [0, 5, 1, 7], "rotation": 180, "texture": "#2"}
			}
		},
		{
			"name": "deco17",
			"from": [15, 3, 4],
			"to": [16, 6, 5],
			"faces": {
				"north": {"uv": [0, 10, 1, 13], "texture": "#2"},
				"east": {"uv": [11, 10, 12, 13], "texture": "#2"},
				"south": {"uv": [15, 10, 16, 13], "texture": "#2"},
				"west": {"uv": [4, 10, 5, 13], "texture": "#2"},
				"up": {"uv": [0, 11, 1, 12], "rotation": 180, "texture": "#2"},
				"down": {"uv": [0, 4, 1, 5], "rotation": 180, "texture": "#2"}
			}
		},
		{
			"name": "deco18",
			"from": [15, 3, 5],
			"to": [16, 4, 11],
			"faces": {
				"north": {"uv": [7, 7, 8, 8], "texture": "#2"},
				"east": {"uv": [5, 14, 11, 15], "texture": "#2"},
				"south": {"uv": [8, 7, 9, 8], "texture": "#2"},
				"west": {"uv": [5, 14, 11, 15], "texture": "#2"},
				"up": {"uv": [0, 5, 1, 11], "rotation": 180, "texture": "#2"},
				"down": {"uv": [7, 9, 8, 15], "rotation": 180, "texture": "#2"}
			}
		},
		{
			"name": "deco19",
			"from": [15, 5, 3],
			"to": [16, 7, 4],
			"faces": {
				"north": {"uv": [0, 9, 1, 11], "texture": "#2"},
				"east": {"uv": [12, 9, 13, 11], "texture": "#2"},
				"south": {"uv": [15, 9, 16, 11], "texture": "#2"},
				"west": {"uv": [3, 9, 4, 11], "texture": "#2"},
				"up": {"uv": [8, 7, 9, 9], "rotation": 180, "texture": "#2"},
				"down": {"uv": [7, 7, 8, 9], "rotation": 180, "texture": "#2"}
			}
		},
		{
			"name": "deco1",
			"from": [7, 5, 0],
			"to": [9, 14, 1],
			"faces": {
				"north": {"uv": [7, 2, 9, 11], "texture": "#2"},
				"east": {"uv": [8, 1, 9, 10], "texture": "#2"},
				"south": {"uv": [7, 2, 9, 11], "texture": "#2"},
				"west": {"uv": [7, 3, 8, 12], "texture": "#2"},
				"up": {"uv": [0, 7, 1, 9], "rotation": 90, "texture": "#2"},
				"down": {"uv": [0, 7, 1, 9], "rotation": 270, "texture": "#2"}
			}
		},
		{
			"name": "deco2",
			"from": [9, 12, 0],
			"to": [13, 13, 1],
			"faces": {
				"north": {"uv": [3, 3, 7, 4], "texture": "#2"},
				"east": {"uv": [15, 3, 16, 4], "texture": "#2"},
				"south": {"uv": [9, 3, 13, 4], "texture": "#2"},
				"west": {"uv": [0, 3, 1, 4], "texture": "#2"},
				"up": {"uv": [8, 7, 9, 9], "rotation": 90, "texture": "#2"},
				"down": {"uv": [7, 7, 8, 9], "rotation": 270, "texture": "#2"}
			}
		},
		{
			"name": "deco3",
			"from": [3, 12, 0],
			"to": [7, 13, 1],
			"faces": {
				"north": {"uv": [9, 3, 13, 4], "texture": "#2"},
				"east": {"uv": [15, 3, 16, 4], "texture": "#2"},
				"south": {"uv": [3, 3, 7, 4], "texture": "#2"},
				"west": {"uv": [0, 3, 1, 4], "texture": "#2"},
				"up": {"uv": [8, 7, 9, 9], "rotation": 90, "texture": "#2"},
				"down": {"uv": [7, 7, 8, 9], "rotation": 270, "texture": "#2"}
			}
		},
		{
			"name": "deco4",
			"from": [12, 10, 0],
			"to": [13, 12, 1],
			"faces": {
				"north": {"uv": [3, 4, 4, 6], "texture": "#2"},
				"east": {"uv": [15, 4, 16, 6], "texture": "#2"},
				"south": {"uv": [12, 4, 13, 6], "texture": "#2"},
				"west": {"uv": [0, 4, 1, 6], "texture": "#2"},
				"up": {"uv": [8, 7, 9, 9], "rotation": 90, "texture": "#2"},
				"down": {"uv": [7, 7, 8, 9], "rotation": 270, "texture": "#2"}
			}
		},
		{
			"name": "deco5",
			"from": [3, 10, 0],
			"to": [4, 12, 1],
			"faces": {
				"north": {"uv": [12, 4, 13, 6], "texture": "#2"},
				"east": {"uv": [15, 4, 16, 6], "texture": "#2"},
				"south": {"uv": [3, 4, 4, 6], "texture": "#2"},
				"west": {"uv": [0, 4, 1, 6], "texture": "#2"},
				"up": {"uv": [8, 7, 9, 9], "rotation": 90, "texture": "#2"},
				"down": {"uv": [7, 7, 8, 9], "rotation": 270, "texture": "#2"}
			}
		},
		{
			"name": "deco6",
			"from": [10, 9, 0],
			"to": [13, 10, 1],
			"faces": {
				"north": {"uv": [3, 6, 6, 7], "texture": "#2"},
				"east": {"uv": [15, 6, 16, 7], "texture": "#2"},
				"south": {"uv": [10, 6, 13, 7], "texture": "#2"},
				"west": {"uv": [0, 6, 1, 7], "texture": "#2"},
				"up": {"uv": [8, 7, 9, 9], "rotation": 90, "texture": "#2"},
				"down": {"uv": [7, 7, 8, 9], "rotation": 270, "texture": "#2"}
			}
		},
		{
			"name": "deco7",
			"from": [12, 8, 0],
			"to": [13, 9, 1],
			"faces": {
				"north": {"uv": [0, 0, 1, 1], "texture": "#2"},
				"east": {"uv": [0, 0, 1, 1], "texture": "#2"},
				"south": {"uv": [0, 0, 1, 1], "texture": "#2"},
				"west": {"uv": [0, 0, 1, 1], "texture": "#2"},
				"up": {"uv": [0, 0, 1, 1], "rotation": 90, "texture": "#2"},
				"down": {"uv": [0, 0, 1, 1], "rotation": 270, "texture": "#2"}
			}
		},
		{
			"name": "deco8",
			"from": [10, 8, 0],
			"to": [11, 9, 1],
			"faces": {
				"north": {"uv": [0, 0, 1, 1], "texture": "#2"},
				"east": {"uv": [0, 0, 1, 1], "texture": "#2"},
				"south": {"uv": [0, 0, 1, 1], "texture": "#2"},
				"west": {"uv": [0, 0, 1, 1], "texture": "#2"},
				"up": {"uv": [0, 0, 1, 1], "rotation": 90, "texture": "#2"},
				"down": {"uv": [0, 0, 1, 1], "rotation": 270, "texture": "#2"}
			}
		},
		{
			"name": "deco9",
			"from": [4, 10, 0],
			"to": [6, 11, 1],
			"faces": {
				"north": {"uv": [10, 5, 12, 6], "texture": "#2"},
				"east": {"uv": [15, 5, 16, 6], "texture": "#2"},
				"south": {"uv": [4, 5, 6, 6], "texture": "#2"},
				"west": {"uv": [0, 5, 1, 6], "texture": "#2"},
				"up": {"uv": [0, 10, 1, 12], "rotation": 90, "texture": "#2"},
				"down": {"uv": [0, 4, 1, 6], "rotation": 270, "texture": "#2"}
			}
		},
		{
			"name": "deco10",
			"from": [3, 8, 0],
			"to": [5, 9, 1],
			"faces": {
				"north": {"uv": [11, 7, 13, 8], "texture": "#2"},
				"east": {"uv": [15, 7, 16, 8], "texture": "#2"},
				"south": {"uv": [3, 7, 5, 8], "texture": "#2"},
				"west": {"uv": [0, 7, 1, 8], "texture": "#2"},
				"up": {"uv": [8, 7, 9, 9], "rotation": 90, "texture": "#2"},
				"down": {"uv": [7, 7, 8, 9], "rotation": 270, "texture": "#2"}
			}
		},
		{
			"name": "deco11",
			"from": [5, 8, 0],
			"to": [6, 10, 1],
			"faces": {
				"north": {"uv": [10, 6, 11, 8], "texture": "#2"},
				"east": {"uv": [15, 6, 16, 8], "texture": "#2"},
				"south": {"uv": [5, 6, 6, 8], "texture": "#2"},
				"west": {"uv": [0, 6, 1, 8], "texture": "#2"},
				"up": {"uv": [0, 10, 1, 11], "rotation": 90, "texture": "#2"},
				"down": {"uv": [0, 5, 1, 6], "rotation": 270, "texture": "#2"}
			}
		},
		{
			"name": "deco12",
			"from": [3, 9, 0],
			"to": [4, 10, 1],
			"faces": {
				"north": {"uv": [0, 0, 1, 1], "texture": "#2"},
				"east": {"uv": [0, 0, 1, 1], "texture": "#2"},
				"south": {"uv": [0, 0, 1, 1], "texture": "#2"},
				"west": {"uv": [0, 0, 1, 1], "texture": "#2"},
				"up": {"uv": [0, 0, 1, 1], "rotation": 90, "texture": "#2"},
				"down": {"uv": [0, 0, 1, 1], "rotation": 270, "texture": "#2"}
			}
		},
		{
			"name": "deco13",
			"from": [9, 6, 0],
			"to": [11, 7, 1],
			"faces": {
				"north": {"uv": [5, 9, 7, 10], "texture": "#2"},
				"east": {"uv": [15, 9, 16, 10], "texture": "#2"},
				"south": {"uv": [9, 9, 11, 10], "texture": "#2"},
				"west": {"uv": [0, 9, 1, 10], "texture": "#2"},
				"up": {"uv": [0, 5, 1, 7], "rotation": 90, "texture": "#2"},
				"down": {"uv": [0, 9, 1, 11], "rotation": 270, "texture": "#2"}
			}
		},
		{
			"name": "deco14",
			"from": [11, 3, 0],
			"to": [12, 7, 1],
			"faces": {
				"north": {"uv": [4, 9, 5, 13], "texture": "#2"},
				"east": {"uv": [15, 9, 16, 13], "texture": "#2"},
				"south": {"uv": [11, 9, 12, 13], "texture": "#2"},
				"west": {"uv": [0, 9, 1, 13], "texture": "#2"},
				"up": {"uv": [0, 4, 1, 5], "rotation": 90, "texture": "#2"},
				"down": {"uv": [0, 11, 1, 12], "rotation": 270, "texture": "#2"}
			}
		},
		{
			"name": "deco15",
			"from": [12, 4, 0],
			"to": [13, 6, 1],
			"faces": {
				"north": {"uv": [3, 10, 4, 12], "texture": "#2"},
				"east": {"uv": [15, 10, 16, 12], "texture": "#2"},
				"south": {"uv": [12, 10, 13, 12], "texture": "#2"},
				"west": {"uv": [0, 10, 1, 12], "texture": "#2"},
				"up": {"uv": [8, 7, 9, 9], "rotation": 90, "texture": "#2"},
				"down": {"uv": [7, 7, 8, 9], "rotation": 270, "texture": "#2"}
			}
		},
		{
			"name": "deco16",
			"from": [5, 5, 0],
			"to": [7, 6, 1],
			"faces": {
				"north": {"uv": [9, 10, 11, 11], "texture": "#2"},
				"east": {"uv": [15, 10, 16, 11], "texture": "#2"},
				"south": {"uv": [5, 10, 7, 11], "texture": "#2"},
				"west": {"uv": [0, 10, 1, 11], "texture": "#2"},
				"up": {"uv": [0, 9, 1, 11], "rotation": 90, "texture": "#2"},
				"down": {"uv": [0, 5, 1, 7], "rotation": 270, "texture": "#2"}
			}
		},
		{
			"name": "deco17",
			"from": [4, 3, 0],
			"to": [5, 6, 1],
			"faces": {
				"north": {"uv": [11, 10, 12, 13], "texture": "#2"},
				"east": {"uv": [15, 10, 16, 13], "texture": "#2"},
				"south": {"uv": [4, 10, 5, 13], "texture": "#2"},
				"west": {"uv": [0, 10, 1, 13], "texture": "#2"},
				"up": {"uv": [0, 11, 1, 12], "rotation": 90, "texture": "#2"},
				"down": {"uv": [0, 4, 1, 5], "rotation": 270, "texture": "#2"}
			}
		},
		{
			"name": "deco18",
			"from": [5, 3, 0],
			"to": [11, 4, 1],
			"faces": {
				"north": {"uv": [5, 14, 11, 15], "texture": "#2"},
				"east": {"uv": [8, 7, 9, 8], "texture": "#2"},
				"south": {"uv": [5, 14, 11, 15], "texture": "#2"},
				"west": {"uv": [7, 7, 8, 8], "texture": "#2"},
				"up": {"uv": [0, 5, 1, 11], "rotation": 90, "texture": "#2"},
				"down": {"uv": [7, 9, 8, 15], "rotation": 270, "texture": "#2"}
			}
		},
		{
			"name": "deco19",
			"from": [3, 5, 0],
			"to": [4, 7, 1],
			"faces": {
				"north": {"uv": [12, 9, 13, 11], "texture": "#2"},
				"east": {"uv": [15, 9, 16, 11], "texture": "#2"},
				"south": {"uv": [3, 9, 4, 11], "texture": "#2"},
				"west": {"uv": [0, 9, 1, 11], "texture": "#2"},
				"up": {"uv": [8, 7, 9, 9], "rotation": 90, "texture": "#2"},
				"down": {"uv": [7, 7, 8, 9], "rotation": 270, "texture": "#2"}
			}
		}
	],
	"groups": [0, 1, 2, 3, 4, 5, 6,
		{
			"name": "group",
			"children": [7, 8, 9, 10, 11, 12, 13, 14, 15, 16, 17, 18, 19, 20, 21, 22, 23, 24, 25]
		},
		{
			"name": "group2",
			"children": [26, 27, 28, 29, 30, 31, 32, 33, 34, 35, 36, 37, 38, 39, 40, 41, 42, 43, 44]
		},
		{
			"name": "group3",
			"children": [45, 46, 47, 48, 49, 50, 51, 52, 53, 54, 55, 56, 57, 58, 59, 60, 61, 62, 63]
		},
		{
			"name": "group4",
			"children": [64, 65, 66, 67, 68, 69, 70, 71, 72, 73, 74, 75, 76, 77, 78, 79, 80, 81, 82]
		}
	]
}