{
	"credit": "Made with Blockbench",
	"textures": {
		"1": "Texture:blocks/quartz_block_lines",
		"2": "Texture:blocks/quartz_block_lines_top",
		"4": "Texture:blocks/stone_slab_top"
	},
	"elements": [
		{
			"name": "base1",
			"from": [3, 0, 3],
			"to": [13, 1, 13],
			"faces": {
				"north": {"uv": [0, 0, 10, 1], "texture": "#4"},
				"east": {"uv": [0, 0, 10, 1], "texture": "#4"},
				"south": {"uv": [0, 0, 10, 1], "texture": "#4"},
				"west": {"uv": [0, 0, 10, 1], "texture": "#4"},
				"up": {"uv": [3, 2, 13, 12], "texture": "#4"},
				"down": {"uv": [4, 3, 14, 13], "texture": "#4"}
			}
		},
		{
			"name": "base2",
			"from": [4, 1, 4],
			"to": [12, 2, 12],
			"faces": {
				"north": {"uv": [0, 0, 8, 1], "texture": "#4"},
				"east": {"uv": [0, 0, 8, 1], "texture": "#4"},
				"south": {"uv": [0, 0, 8, 1], "texture": "#4"},
				"west": {"uv": [0, 0, 8, 1], "texture": "#4"},
				"up": {"uv": [3, 3, 11, 11], "texture": "#4"},
				"down": {"uv": [1, 2, 9, 10], "texture": "#4"}
			}
		},
		{
			"name": "table1",
			"from": [5, 24.5, 5],
			"to": [11, 26.5, 11],
			"faces": {
				"north": {"uv": [5, 0, 11, 2], "texture": "#2"},
				"east": {"uv": [5, 0, 11, 2], "texture": "#2"},
				"south": {"uv": [5, 0, 11, 2], "texture": "#2"},
				"west": {"uv": [5, 0, 11, 2], "texture": "#2"},
				"up": {"uv": [5, 5, 11, 11], "texture": "#2"},
				"down": {"uv": [5, 5, 11, 11], "texture": "#2"}
			}
		},
		{
			"name": "pil1",
			"from": [5.5, 2, 5.5],
			"to": [10.5, 15, 10.5],
			"faces": {
				"north": {"uv": [0, 0, 4, 13], "texture": "#1"},
				"east": {"uv": [12, 3, 16, 16], "texture": "#1"},
				"south": {"uv": [8, 0, 12, 13], "texture": "#1"},
				"west": {"uv": [4, 2, 8, 15], "texture": "#1"},
				"up": {"uv": [7, 4, 12, 9], "texture": "#1"},
				"down": {"uv": [0, 0, 5, 5], "texture": "#1"}
			}
		},
		{
			"name": "table2",
			"from": [4, 26, 4],
			"to": [12, 27, 12],
			"rotation": {"angle": 22.5, "axis": "y", "origin": [8, 26.5, 8]},
			"faces": {
				"north": {"uv": [0, 0, 8, 1], "texture": "#4"},
				"east": {"uv": [0, 0, 8, 1], "texture": "#4"},
				"south": {"uv": [0, 0, 8, 1], "texture": "#4"},
				"west": {"uv": [0, 0, 8, 1], "texture": "#4"},
				"up": {"uv": [4, 3, 12, 11], "texture": "#4"},
				"down": {"uv": [4, 6, 12, 14], "texture": "#4"}
			}
		},
		{
			"name": "table3",
			"from": [4, 26, 4],
			"to": [12, 27.01, 12],
			"rotation": {"angle": -22.5, "axis": "y", "origin": [8, 26.5, 8]},
			"faces": {
				"north": {"uv": [0, 0, 8, 1.01], "texture": "#4"},
				"east": {"uv": [0, 0, 8, 1.01], "texture": "#4"},
				"south": {"uv": [0, 0, 8, 1.01], "texture": "#4"},
				"west": {"uv": [0, 0, 8, 1.01], "texture": "#4"},
				"up": {"uv": [2, 3, 10, 11], "texture": "#4"},
				"down": {"uv": [6, 6, 14, 14], "texture": "#4"}
			}
		},
		{
			"name": "pill2",
			"from": [6, 14, 6],
			"to": [10, 26, 10],
			"faces": {
				"north": {"uv": [0, 0, 4, 12], "texture": "#1"},
				"east": {"uv": [0, 0, 4, 12], "texture": "#1"},
				"south": {"uv": [0, 0, 4, 12], "texture": "#1"},
				"west": {"uv": [0, 0, 4, 12], "texture": "#1"},
				"up": {"uv": [0, 0, 4, 4], "texture": "#1"},
				"down": {"uv": [0, 0, 4, 4], "texture": "#1"}
			}
		}
	]
}