{
	"credit": "Made with Blockbench",
	"textures": {
		"0": "Texture:blocks/planks_oak",
		"1": "Texture:blocks/iron_block",
		"2": "Texture:blocks/stone",
		"3": "Texture:blocks/anvil_base",
		"4": "Texture:blocks/glass",
		"5": "Texture:blocks/torch_on",
		"particle": "Texture:blocks/planks_oak"
	},
	"elements": [
		{
			"name": "len6",
			"from": [6.5, 15, 9],
			"to": [9.5, 16, 10],
			"faces": {
				"north": {"uv": [0, 0, 3, 1], "texture": "#1"},
				"east": {"uv": [0, 0, 1, 1], "texture": "#1"},
				"south": {"uv": [0, 0, 3, 1], "texture": "#1"},
				"west": {"uv": [0, 0, 1, 1], "texture": "#1"},
				"up": {"uv": [0, 0, 3, 1], "texture": "#1"},
				"down": {"uv": [0, 0, 3, 1], "texture": "#1"}
			}
		},
		{
			"name": "len5",
			"from": [6.5, 15, 5],
			"to": [10.5, 16, 6],
			"faces": {
				"north": {"uv": [0, 0, 4, 1], "texture": "#1"},
				"east": {"uv": [0, 0, 1, 1], "texture": "#1"},
				"south": {"uv": [0, 0, 4, 1], "texture": "#1"},
				"west": {"uv": [0, 0, 1, 1], "texture": "#1"},
				"up": {"uv": [0, 0, 4, 1], "texture": "#1"},
				"down": {"uv": [0, 0, 4, 1], "texture": "#1"}
			}
		},
		{
			"name": "len4",
			"from": [5.5, 15, 5],
			"to": [6.5, 16, 10],
			"faces": {
				"north": {"uv": [0, 0, 1, 1], "texture": "#1"},
				"east": {"uv": [0, 0, 5, 1], "texture": "#1"},
				"south": {"uv": [0, 0, 1, 1], "texture": "#1"},
				"west": {"uv": [0, 0, 5, 1], "texture": "#1"},
				"up": {"uv": [0, 4, 1, 9], "texture": "#1"},
				"down": {"uv": [0, 0, 1, 5], "texture": "#1"}
			}
		},
		{
			"name": "len3",
			"from": [9.5, 15, 6],
			"to": [10.5, 16, 10],
			"faces": {
				"north": {"uv": [0, 0, 1, 1], "texture": "#1"},
				"east": {"uv": [0, 0, 4, 1], "texture": "#1"},
				"south": {"uv": [0, 0, 1, 1], "texture": "#1"},
				"west": {"uv": [0, 0, 4, 1], "texture": "#1"},
				"up": {"uv": [0, 0, 1, 4], "texture": "#1"},
				"down": {"uv": [0, 0, 1, 4], "texture": "#1"}
			}
		},
		{
			"name": "len2",
			"from": [15, 7.5, 6],
			"to": [16, 10.5, 9],
			"faces": {
				"north": {"uv": [0, 0, 1, 3], "texture": "#3"},
				"east": {"uv": [0, 0, 3, 3], "texture": "#3"},
				"south": {"uv": [0, 0, 1, 3], "texture": "#3"},
				"west": {"uv": [0, 0, 3, 3], "texture": "#3"},
				"up": {"uv": [0, 0, 1, 3], "texture": "#3"},
				"down": {"uv": [0, 0, 1, 3], "texture": "#3"}
			}
		},
		{
			"name": "len1",
			"from": [14, 9, 6.5],
			"to": [15, 17, 8.5],
			"rotation": {"angle": 45, "axis": "z", "origin": [13.5, 11, 7.5]},
			"faces": {
				"north": {"uv": [1, 0, 2, 7], "texture": "#3"},
				"east": {"uv": [7.5, 0, 9.5, 7], "texture": "#3"},
				"south": {"uv": [14, 0, 15, 7], "texture": "#3"},
				"west": {"uv": [6.5, 0, 8.5, 7], "texture": "#3"},
				"up": {"uv": [14, 6.5, 15, 8.5], "texture": "#3"},
				"down": {"uv": [14, 7.5, 15, 9.5], "texture": "#3"}
			}
		},
		{
			"name": "deco6",
			"from": [1.5, 16, 7],
			"to": [2.5, 21, 8],
			"rotation": {"angle": 45, "axis": "z", "origin": [8, 18, 7]},
			"faces": {
				"north": {"uv": [7, 6, 8, 11], "rotation": 180, "texture": "#5"},
				"east": {"uv": [7, 6, 8, 11], "rotation": 180, "texture": "#5"},
				"south": {"uv": [8, 6, 9, 11], "rotation": 180, "texture": "#5"},
				"west": {"uv": [8, 6, 9, 11], "rotation": 180, "texture": "#5"},
				"up": {"uv": [8, 13, 9, 14], "texture": "#5"},
				"down": {"uv": [8, 6, 9, 7], "texture": "#5"}
			}
		},
		{
			"name": "deco1",
			"from": [6, 10, 12],
			"to": [15, 11, 15],
			"faces": {
				"north": {"uv": [1, 5, 10, 6], "texture": "#2"},
				"east": {"uv": [1, 5, 4, 6], "texture": "#2"},
				"south": {"uv": [6, 5, 15, 6], "texture": "#2"},
				"west": {"uv": [12, 5, 15, 6], "texture": "#2"},
				"up": {"uv": [6, 12, 15, 15], "texture": "#2"},
				"down": {"uv": [6, 1, 15, 4], "texture": "#2"}
			}
		},
		{
			"name": "deco2",
			"from": [4.5, 9.2, 4.5],
			"to": [11.5, 10.2, 10.5],
			"faces": {
				"north": {"uv": [6, 8, 12, 9], "texture": "#1"},
				"east": {"uv": [0, 0, 3, 1], "texture": "#1"},
				"south": {"uv": [4, 3, 11, 4], "texture": "#1"},
				"west": {"uv": [0, 0, 3, 1], "texture": "#1"},
				"up": {"uv": [5, 5, 10, 10], "texture": "#1"},
				"down": {"uv": [7, 10, 13, 13], "texture": "#1"}
			}
		},
		{
			"name": "deco3",
			"from": [1.5, 9, 7],
			"to": [2.5, 14, 8],
			"rotation": {"angle": -45, "axis": "z", "origin": [2, 12, 8]},
			"faces": {
				"north": {"uv": [12, 5, 15, 6], "texture": "#3"},
				"east": {"uv": [1, 5, 4, 6], "texture": "#3"},
				"south": {"uv": [1, 5, 4, 6], "texture": "#3"},
				"west": {"uv": [12, 5, 15, 6], "texture": "#3"},
				"up": {"uv": [1, 12, 4, 15], "texture": "#3"},
				"down": {"uv": [1, 1, 4, 4], "texture": "#3"}
			}
		},
		{
			"name": "deco5",
			"from": [3.5, 11, 6.5],
			"to": [4.5, 13, 8.5],
			"rotation": {"angle": 45, "axis": "z", "origin": [2, 12, 8]},
			"faces": {
				"north": {"uv": [12, 5, 15, 6], "texture": "#3"},
				"east": {"uv": [1, 5, 4, 6], "texture": "#3"},
				"south": {"uv": [1, 5, 4, 6], "texture": "#3"},
				"west": {"uv": [12, 5, 15, 6], "texture": "#3"},
				"up": {"uv": [1, 12, 4, 15], "texture": "#3"},
				"down": {"uv": [1, 1, 4, 4], "texture": "#3"}
			}
		},
		{
			"name": "deco4",
			"from": [0, 7.5, 6],
			"to": [1, 10.5, 9],
			"faces": {
				"north": {"uv": [0, 0, 1, 3], "texture": "#3"},
				"east": {"uv": [0, 0, 3, 3], "texture": "#3"},
				"south": {"uv": [0, 0, 1, 3], "texture": "#3"},
				"west": {"uv": [0, 0, 3, 3], "texture": "#3"},
				"up": {"uv": [0, 0, 1, 3], "texture": "#3"},
				"down": {"uv": [0, 0, 1, 3], "texture": "#3"}
			}
		},
		{
			"name": "table1",
			"from": [0.5, 8, 0.5],
			"to": [15.5, 10, 15.5],
			"faces": {
				"north": {"uv": [0, 7, 15, 9], "texture": "#0"},
				"east": {"uv": [1, 7, 16, 9], "texture": "#0"},
				"south": {"uv": [1, 11, 16, 13], "texture": "#0"},
				"west": {"uv": [1, 3, 16, 5], "texture": "#0"},
				"up": {"uv": [0, 0, 15, 15], "texture": "#0"},
				"down": {"uv": [0.5, 0.5, 15.5, 15.5], "texture": "#0"}
			}
		},
		{
			"name": "leg4",
			"from": [13, 0, 13],
			"to": [15, 9, 15],
			"faces": {
				"north": {"uv": [1, 7, 3, 16], "texture": "#0"},
				"east": {"uv": [1, 7, 3, 16], "texture": "#0"},
				"south": {"uv": [13, 7, 15, 16], "texture": "#0"},
				"west": {"uv": [13, 7, 15, 16], "texture": "#0"},
				"up": {"uv": [13, 13, 15, 15], "texture": "#0"},
				"down": {"uv": [13, 1, 15, 3], "texture": "#0"}
			}
		},
		{
			"name": "leg3",
			"from": [1, 0, 13],
			"to": [3, 9, 15],
			"faces": {
				"north": {"uv": [13, 7, 15, 16], "texture": "#0"},
				"east": {"uv": [1, 7, 3, 16], "texture": "#0"},
				"south": {"uv": [1, 7, 3, 16], "texture": "#0"},
				"west": {"uv": [13, 7, 15, 16], "texture": "#0"},
				"up": {"uv": [1, 13, 3, 15], "texture": "#0"},
				"down": {"uv": [1, 1, 3, 3], "texture": "#0"}
			}
		},
		{
			"name": "leg2",
			"from": [1, 0, 1],
			"to": [3, 9, 3],
			"faces": {
				"north": {"uv": [13, 7, 15, 16], "texture": "#0"},
				"east": {"uv": [13, 7, 15, 16], "texture": "#0"},
				"south": {"uv": [1, 7, 3, 16], "texture": "#0"},
				"west": {"uv": [2, 7, 4, 16], "texture": "#0"},
				"up": {"uv": [1, 1, 3, 3], "texture": "#0"},
				"down": {"uv": [1, 13, 3, 15], "texture": "#0"}
			}
		},
		{
			"name": "leg1",
			"from": [13, 0, 1],
			"to": [15, 9, 3],
			"faces": {
				"north": {"uv": [1, 7, 3, 16], "texture": "#0"},
				"east": {"uv": [13, 7, 15, 16], "texture": "#0"},
				"south": {"uv": [13, 7, 15, 16], "texture": "#0"},
				"west": {"uv": [1, 7, 3, 16], "texture": "#0"},
				"up": {"uv": [13, 1, 15, 3], "texture": "#0"},
				"down": {"uv": [13, 13, 15, 15], "texture": "#0"}
			}
		},
		{
			"name": "len7",
			"from": [6.5, 14.9, 6],
			"to": [9.5, 15.9, 9],
			"faces": {
				"north": {"uv": [13, 0, 16, 1], "texture": "#4"},
				"east": {"uv": [0, 15, 3, 16], "texture": "#4"},
				"south": {"uv": [13, 15, 16, 16], "texture": "#4"},
				"west": {"uv": [6, 0, 9, 1], "texture": "#4"},
				"up": {"uv": [5, 5, 8, 8], "texture": "#4"},
				"down": {"uv": [5, 5, 8, 8], "texture": "#4"}
			}
		}
	],
	"display": {
		"thirdperson_righthand": {
			"rotation": [43, 0, 0],
			"scale": [0.4, 0.4, 0.4]
		},
		"firstperson_righthand": {
			"rotation": [0, -180, 0]
		}
	},
	"groups": [
		{
			"name": "normal",
			"origin": [8, 8, 8],
			"children": [0, 1, 2, 3, 4, 5, 6, 7, 8, 9, 10, 11, 12, 13, 14, 15, 16]
		},
		{
			"name": "transparent",
			"origin": [8, 8, 8],
			"children": [17]
		}
	]
}