{
	"credit": "Made with Blockbench",
	"textures": {
		"8": "table_advance/stone_slab_top",
		"9": "Texture:blocks/wool_colored_blue",
		"10": "Texture:blocks/brewing_stand_base"
	},
	"elements": [
		{
			"name": "deco2",
			"from": [2.5, 9.5, 2.5],
			"to": [13.5, 10.5, 13.5],
			"faces": {
				"north": {"uv": [6, 8, 12, 9], "texture": "#10"},
				"east": {"uv": [0, 0, 3, 1], "texture": "#10"},
				"south": {"uv": [4, 3, 11, 4], "texture": "#10"},
				"west": {"uv": [0, 0, 3, 1], "texture": "#10"},
				"up": {"uv": [1, 1, 15, 15], "texture": "#10"},
				"down": {"uv": [7, 10, 13, 13], "texture": "#10"}
			}
		},
		{
			"name": "table1",
			"from": [0.5, 8, 0.5],
			"to": [15.5, 10, 15.5],
			"faces": {
				"north": {"uv": [0, 0, 16, 2], "texture": "#8"},
				"east": {"uv": [0, 0, 16, 2], "texture": "#8"},
				"south": {"uv": [0, 0, 16, 2], "texture": "#8"},
				"west": {"uv": [0, 0, 16, 2], "texture": "#8"},
				"up": {"uv": [0, 0, 16, 16], "texture": "#8"},
				"down": {"uv": [0, 0, 16, 16], "texture": "#8"}
			}
		},
		{
			"name": "leg4",
			"from": [13, 0, 13],
			"to": [15, 9, 15],
			"faces": {
				"north": {"uv": [1, 7, 3, 16], "texture": "#8"},
				"east": {"uv": [0, 7, 2, 16], "texture": "#8"},
				"south": {"uv": [14, 7, 16, 16], "texture": "#8"},
				"west": {"uv": [13, 7, 15, 16], "texture": "#8"},
				"up": {"uv": [13, 13, 15, 15], "texture": "#8"},
				"down": {"uv": [13, 1, 15, 3], "texture": "#8"}
			}
		},
		{
			"name": "leg3",
			"from": [1, 0, 13],
			"to": [3, 9, 15],
			"faces": {
				"north": {"uv": [13, 7, 15, 16], "texture": "#8"},
				"east": {"uv": [1, 7, 3, 16], "texture": "#8"},
				"south": {"uv": [0, 7, 2, 16], "texture": "#8"},
				"west": {"uv": [14, 7, 16, 16], "texture": "#8"},
				"up": {"uv": [1, 13, 3, 15], "texture": "#8"},
				"down": {"uv": [1, 1, 3, 3], "texture": "#8"}
			}
		},
		{
			"name": "leg2",
			"from": [1, 0, 1],
			"to": [3, 9, 3],
			"faces": {
				"north": {"uv": [14, 7, 16, 16], "texture": "#8"},
				"east": {"uv": [13, 7, 15, 16], "texture": "#8"},
				"south": {"uv": [1, 7, 3, 16], "texture": "#8"},
				"west": {"uv": [0, 7, 2, 16], "texture": "#8"},
				"up": {"uv": [1, 1, 3, 3], "texture": "#8"},
				"down": {"uv": [1, 13, 3, 15], "texture": "#8"}
			}
		},
		{
			"name": "leg1",
			"from": [13, 0, 1],
			"to": [15, 9, 3],
			"faces": {
				"north": {"uv": [0, 7, 2, 16], "texture": "#8"},
				"east": {"uv": [14, 7, 16, 16], "texture": "#8"},
				"south": {"uv": [13, 7, 15, 16], "texture": "#8"},
				"west": {"uv": [1, 7, 3, 16], "texture": "#8"},
				"up": {"uv": [13, 1, 15, 3], "texture": "#8"},
				"down": {"uv": [13, 13, 15, 15], "texture": "#8"}
			}
		},
		{
			"name": "wool1",
			"from": [4, 9.1, 0.51],
			"to": [12, 10.1, 15.51],
			"faces": {
				"north": {"uv": [4, 5.9, 12, 6.9], "texture": "#9"},
				"east": {"uv": [0.49, 5.9, 15.49, 6.9], "texture": "#9"},
				"south": {"uv": [4, 5.9, 12, 6.9], "texture": "#9"},
				"west": {"uv": [0.51, 5.9, 15.51, 6.9], "texture": "#9"},
				"up": {"uv": [4, 0.51, 12, 15.51], "texture": "#9"},
				"down": {"uv": [4, 0.49, 12, 15.49], "texture": "#9"}
			}
		},
		{
			"name": "wool2",
			"from": [4, 5.1, 0.49],
			"to": [12, 10.1, 0.49],
			"faces": {
				"north": {"uv": [4, 5.9, 12, 10.9], "texture": "#9"},
				"east": {"uv": [15.51, 5.9, 15.51, 10.9], "texture": "#9"},
				"south": {"uv": [4, 5.9, 12, 10.9], "texture": "#9"},
				"west": {"uv": [0.49, 5.9, 0.49, 10.9], "texture": "#9"},
				"up": {"uv": [4, 0.49, 12, 0.49], "texture": "#9"},
				"down": {"uv": [4, 15.51, 12, 15.51], "texture": "#9"}
			}
		},
		{
			"name": "wool3",
			"from": [4, 5.1, 15.51],
			"to": [12, 10.1, 15.51],
			"faces": {
				"north": {"uv": [4, 5.9, 12, 10.9], "texture": "#9"},
				"east": {"uv": [0.49, 5.9, 0.49, 10.9], "texture": "#9"},
				"south": {"uv": [4, 5.9, 12, 10.9], "texture": "#9"},
				"west": {"uv": [15.51, 5.9, 15.51, 10.9], "texture": "#9"},
				"up": {"uv": [4, 15.51, 12, 15.51], "texture": "#9"},
				"down": {"uv": [4, 0.49, 12, 0.49], "texture": "#9"}
			}
		},
		{
			"name": "wool4",
			"from": [0.51, 9.11, 4],
			"to": [15.51, 10.11, 12],
			"faces": {
				"north": {"uv": [0.49, 5.89, 15.49, 6.89], "texture": "#9"},
				"east": {"uv": [4, 5.89, 12, 6.89], "texture": "#9"},
				"south": {"uv": [0.51, 5.89, 15.51, 6.89], "texture": "#9"},
				"west": {"uv": [4, 5.89, 12, 6.89], "texture": "#9"},
				"up": {"uv": [0.51, 4, 15.51, 12], "texture": "#9"},
				"down": {"uv": [0.51, 4, 15.51, 12], "texture": "#9"}
			}
		},
		{
			"name": "wool5",
			"from": [1.51, 9.12, 1.5],
			"to": [14.51, 10.12, 14.5],
			"faces": {
				"north": {"uv": [0.49, 5.89, 15.49, 6.89], "texture": "#9"},
				"east": {"uv": [4, 5.89, 12, 6.89], "texture": "#9"},
				"south": {"uv": [0.51, 5.89, 15.51, 6.89], "texture": "#9"},
				"west": {"uv": [4, 5.89, 12, 6.89], "texture": "#9"},
				"up": {"uv": [0.51, 4, 15.51, 12], "texture": "#9"},
				"down": {"uv": [0.51, 4, 15.51, 12], "texture": "#9"}
			}
		},
		{
			"name": "wool6",
			"from": [0.49, 5.11, 4],
			"to": [0.49, 10.11, 12],
			"faces": {
				"north": {"uv": [15.51, 5.89, 15.51, 10.89], "texture": "#9"},
				"east": {"uv": [4, 5.89, 12, 10.89], "texture": "#9"},
				"south": {"uv": [0.49, 5.89, 0.49, 10.89], "texture": "#9"},
				"west": {"uv": [4, 5.89, 12, 10.89], "texture": "#9"},
				"up": {"uv": [0.49, 4, 0.49, 12], "texture": "#9"},
				"down": {"uv": [0.49, 4, 0.49, 12], "texture": "#9"}
			}
		},
		{
			"name": "wool7",
			"from": [15.51, 5.11, 4],
			"to": [15.51, 10.11, 12],
			"faces": {
				"north": {"uv": [0.49, 5.89, 0.49, 10.89], "texture": "#9"},
				"east": {"uv": [4, 5.89, 12, 10.89], "texture": "#9"},
				"south": {"uv": [15.51, 5.89, 15.51, 10.89], "texture": "#9"},
				"west": {"uv": [4, 5.89, 12, 10.89], "texture": "#9"},
				"up": {"uv": [15.51, 4, 15.51, 12], "texture": "#9"},
				"down": {"uv": [15.51, 4, 15.51, 12], "texture": "#9"}
			}
		}
	],
	"display": {
		"thirdperson_righthand": {
			"rotation": [43, 0, 0],
			"scale": [0.4, 0.4, 0.4]
		},
		"firstperson_righthand": {
			"rotation": [0, -180, 0]
		}
	},
	"groups": [
		{
			"name": "normal",
			"origin": [8, 8, 8],
			"children": [0, 1, 2, 3, 4, 5, 6, 7, 8, 9, 10, 11, 12]
		},
		{
			"name": "transparent",
			"origin": [8, 8, 8],
			"children": []
		}
	]
}