{
	"credit": "Made with Blockbench",
	"textures": {
		"0": "Texture:blocks/planks_oak",
		"1": "Texture:blocks/iron_block",
		"2": "Texture:blocks/stone",
		"3": "Texture:blocks/anvil_base",
		"4": "Texture:blocks/glass",
		"particle": "Texture:blocks/planks_oak"
	},
	"elements": [
		{
			"name": "deco2",
			"from": [5.5, 7.2, 5.5],
			"to": [10.5, 8.2, 10.5],
			"faces": {
				"north": {"uv": [6, 8, 12, 9], "texture": "#2"},
				"east": {"uv": [0, 0, 3, 1], "texture": "#2"},
				"south": {"uv": [4, 3, 11, 4], "texture": "#2"},
				"west": {"uv": [0, 0, 3, 1], "texture": "#2"},
				"up": {"uv": [5, 5, 10, 10], "texture": "#2"},
				"down": {"uv": [7, 10, 13, 13], "texture": "#2"}
			}
		},
		{
			"name": "len6",
			"from": [6.5, 13, 9],
			"to": [9.5, 14, 10],
			"faces": {
				"north": {"uv": [0, 0, 3, 1], "texture": "#1"},
				"east": {"uv": [0, 0, 1, 1], "texture": "#1"},
				"south": {"uv": [0, 0, 3, 1], "texture": "#1"},
				"west": {"uv": [0, 0, 1, 1], "texture": "#1"},
				"up": {"uv": [0, 0, 3, 1], "texture": "#1"},
				"down": {"uv": [0, 0, 3, 1], "texture": "#1"}
			}
		},
		{
			"name": "len5",
			"from": [6.5, 13, 5],
			"to": [10.5, 14, 6],
			"faces": {
				"north": {"uv": [0, 0, 4, 1], "texture": "#1"},
				"east": {"uv": [0, 0, 1, 1], "texture": "#1"},
				"south": {"uv": [0, 0, 4, 1], "texture": "#1"},
				"west": {"uv": [0, 0, 1, 1], "texture": "#1"},
				"up": {"uv": [0, 0, 4, 1], "texture": "#1"},
				"down": {"uv": [0, 0, 4, 1], "texture": "#1"}
			}
		},
		{
			"name": "len4",
			"from": [5.5, 13, 5],
			"to": [6.5, 14, 10],
			"faces": {
				"north": {"uv": [0, 0, 1, 1], "texture": "#1"},
				"east": {"uv": [0, 0, 5, 1], "texture": "#1"},
				"south": {"uv": [0, 0, 1, 1], "texture": "#1"},
				"west": {"uv": [0, 0, 5, 1], "texture": "#1"},
				"up": {"uv": [0, 4, 1, 9], "texture": "#1"},
				"down": {"uv": [0, 0, 1, 5], "texture": "#1"}
			}
		},
		{
			"name": "len3",
			"from": [9.5, 13, 6],
			"to": [10.5, 14, 10],
			"faces": {
				"north": {"uv": [0, 0, 1, 1], "texture": "#1"},
				"east": {"uv": [0, 0, 4, 1], "texture": "#1"},
				"south": {"uv": [0, 0, 1, 1], "texture": "#1"},
				"west": {"uv": [0, 0, 4, 1], "texture": "#1"},
				"up": {"uv": [0, 0, 1, 4], "texture": "#1"},
				"down": {"uv": [0, 0, 1, 4], "texture": "#1"}
			}
		},
		{
			"name": "len2",
			"from": [15, 6.5, 6],
			"to": [16, 8.5, 9],
			"faces": {
				"north": {"uv": [0, 0, 1, 2], "texture": "#3"},
				"east": {"uv": [0, 0, 3, 2], "texture": "#3"},
				"south": {"uv": [0, 0, 1, 2], "texture": "#3"},
				"west": {"uv": [0, 0, 3, 2], "texture": "#3"},
				"up": {"uv": [0, 0, 1, 3], "texture": "#3"},
				"down": {"uv": [0, 0, 1, 3], "texture": "#3"}
			}
		},
		{
			"name": "len1",
			"from": [12, 7, 7],
			"to": [13, 15, 8],
			"rotation": {"angle": 45, "axis": "z", "origin": [13.5, 11, 7.5]},
			"faces": {
				"north": {"uv": [8, 0, 9, 10], "texture": "#3"},
				"east": {"uv": [2, 3, 3, 13], "texture": "#3"},
				"south": {"uv": [7, 3, 8, 13], "texture": "#3"},
				"west": {"uv": [13, 5, 14, 15], "texture": "#3"},
				"up": {"uv": [3, 3, 4, 4], "texture": "#3"},
				"down": {"uv": [0, 6, 1, 7], "texture": "#3"}
			}
		},
		{
			"name": "deco1",
			"from": [6, 8, 12],
			"to": [15, 9, 15],
			"faces": {
				"north": {"uv": [6, 8, 12, 9], "texture": "#2"},
				"east": {"uv": [0, 0, 3, 1], "texture": "#2"},
				"south": {"uv": [4, 3, 11, 4], "texture": "#2"},
				"west": {"uv": [0, 0, 3, 1], "texture": "#2"},
				"up": {"uv": [7, 5, 13, 8], "texture": "#2"},
				"down": {"uv": [7, 10, 13, 13], "texture": "#2"}
			}
		},
		{
			"name": "table1",
			"from": [0.5, 7, 0.5],
			"to": [15.5, 8, 15.5],
			"faces": {
				"north": {"uv": [0, 0, 15, 1], "texture": "#0"},
				"east": {"uv": [0, 0, 15, 1], "texture": "#0"},
				"south": {"uv": [0, 0, 15, 1], "texture": "#0"},
				"west": {"uv": [0, 0, 15, 1], "texture": "#0"},
				"up": {"uv": [0, 0, 15, 15], "texture": "#0"},
				"down": {"uv": [0, 0, 15, 15], "texture": "#0"}
			}
		},
		{
			"name": "leg4",
			"from": [14, 0, 14],
			"to": [15, 7, 15],
			"faces": {
				"north": {"uv": [13, 8, 14, 15], "texture": "#0"},
				"east": {"uv": [8, 5, 9, 12], "texture": "#0"},
				"south": {"uv": [2, 6, 3, 13], "texture": "#0"},
				"west": {"uv": [5, 3, 6, 10], "texture": "#0"},
				"up": {"uv": [0, 0, 1, 1], "texture": "#0"},
				"down": {"uv": [0, 0, 1, 1], "texture": "#0"}
			}
		},
		{
			"name": "leg3",
			"from": [1, 0, 14],
			"to": [2, 7, 15],
			"faces": {
				"north": {"uv": [0, 0, 1, 7], "texture": "#0"},
				"east": {"uv": [6, 9, 7, 16], "texture": "#0"},
				"south": {"uv": [8, 2, 9, 9], "texture": "#0"},
				"west": {"uv": [10, 5, 11, 12], "texture": "#0"},
				"up": {"uv": [0, 0, 1, 1], "texture": "#0"},
				"down": {"uv": [0, 0, 1, 1], "texture": "#0"}
			}
		},
		{
			"name": "leg2",
			"from": [1, 0, 1],
			"to": [2, 7, 2],
			"faces": {
				"north": {"uv": [0, 0, 1, 7], "texture": "#0"},
				"east": {"uv": [0, 0, 1, 7], "texture": "#0"},
				"south": {"uv": [0, 0, 1, 7], "texture": "#0"},
				"west": {"uv": [11, 4, 12, 11], "texture": "#0"},
				"up": {"uv": [0, 0, 1, 1], "texture": "#0"},
				"down": {"uv": [0, 0, 1, 1], "texture": "#0"}
			}
		},
		{
			"name": "leg1",
			"from": [14, 0, 1],
			"to": [15, 7, 2],
			"faces": {
				"north": {"uv": [0, 0, 1, 7], "texture": "#0"},
				"east": {"uv": [0, 0, 1, 7], "texture": "#0"},
				"south": {"uv": [0, 0, 1, 7], "texture": "#0"},
				"west": {"uv": [6, 6, 7, 13], "texture": "#0"},
				"up": {"uv": [0, 0, 1, 1], "texture": "#0"},
				"down": {"uv": [0, 0, 1, 1], "texture": "#0"}
			}
		},
		{
			"name": "len7",
			"from": [6.5, 12.9, 6],
			"to": [9.5, 13.9, 9],
			"faces": {
				"north": {"uv": [13, 0, 16, 1], "texture": "#4"},
				"east": {"uv": [0, 15, 3, 16], "texture": "#4"},
				"south": {"uv": [13, 15, 16, 16], "texture": "#4"},
				"west": {"uv": [6, 0, 9, 1], "texture": "#4"},
				"up": {"uv": [5, 5, 8, 8], "texture": "#4"},
				"down": {"uv": [5, 5, 8, 8], "texture": "#4"}
			}
		}
	],
	"display": {
		"thirdperson_righthand": {
			"rotation": [43, 0, 0],
			"scale": [0.4, 0.4, 0.4]
		},
		"firstperson_righthand": {
			"rotation": [0, -180, 0]
		}
	},
	"groups": [
		{
			"name": "normal",
			"children": [0, 1, 2, 3, 4, 5, 6, 7, 8, 9, 10, 11, 12]
		},
		{
			"name": "transparent",
			"children": [13]
		}
	]
}